data,filename
FDA15,FDA15.png
DRC01,DRC01.png
FDN15,FDN15.png
FDX07,FDX07.png
NCD19,NCD19.png
FDP36,FDP36.png
FDO10,FDO10.png
FDP10,FDP10.png
FDH17,FDH17.png
FDU28,FDU28.png
FDY07,FDY07.png
FDA03,FDA03.png
FDX32,FDX32.png
FDS46,FDS46.png
FDF32,FDF32.png
FDP49,FDP49.png
NCB42,NCB42.png
DRI11,DRI11.png
FDU02,FDU02.png
FDN22,FDN22.png
FDW12,FDW12.png
NCB30,NCB30.png
FDC37,FDC37.png
FDR28,FDR28.png
NCD06,NCD06.png
FDV10,FDV10.png
DRJ59,DRJ59.png
FDE51,FDE51.png
FDC14,FDC14.png
FDV38,FDV38.png
NCS17,NCS17.png
FDP33,FDP33.png
FDO23,FDO23.png
DRH01,DRH01.png
NCX29,NCX29.png
FDV20,FDV20.png
DRZ11,DRZ11.png
FDX10,FDX10.png
FDB34,FDB34.png
FDK43,FDK43.png
FDA46,FDA46.png
FDC02,FDC02.png
FDL50,FDL50.png